<?xml version="1.0" encoding="UTF-8"?>
<creaturescripts>
	<!-- Player Login -->
	<event type="login" name="PlayerLogin" event="script" value="login.lua"/>
	<event type="login" name="PlayerItems" event="script" value="items.lua"/>
	<event type="login" name="PlayerOut" event="script" value="fimout.lua"/>
	<event type="moveitem" name="MoveItem" event="script" value="houseprotect.lua"/>
	<event type="login" name="PlayerLight" event="script" value="light.lua"/>
	<event type="login" name="SkillStagesLogin" event="script" value="skillstageslogin.lua"/>
	<!-- <event type="attack" name="PVPCreature" script="pvp.lua"/> -->
	
	<!-- Server Events -->
	<event type="channeljoin" name="GuildEvents" event="script" value="guild.lua"/>
	<event type="mailreceive" name="Mail" event="script" value="mail.lua"/>
	<event type="reportbug" name="ReportBug" script="reportbug.lua"/>
	<event type="advance" name="AdvanceSave" event="script" value="advancesave.lua"/>
	<event type="advance" name="SkillStagesAdvance" event="script" value="skillstagesadvance.lua"/>	
	<event type="think" name="Idle" event="script" value="idle.lua"/>
	<event type="think" name="SkullCheck" event="script" value="skullcheck.lua"/>
	<event type="login" name="FimVip" event="script" value="fimprem.lua"/>
</creaturescripts>
